Date,Asset1,Asset2,Asset3,Asset4
2020-01-01,0.010934283060224655,0.029785326425949242,0.03648388591465006,0.029742637665832322
2020-01-02,-0.0017652860234236931,0.05928249921410392,0.024615842072819222,-0.016791500071498672
2020-01-03,0.013953770762013849,-0.03995702721457423,0.002990759248004353,-0.026136960919780756
2020-01-06,0.03146059712816051,0.018889077100717126,-0.014673419442639347,0.002381893990616678
2020-01-07,-0.0036830674944667192,-0.017519277073654804,0.01895558284033975,-0.0034564617883724963
2020-01-08,-0.003682739138983611,-0.01261376151294088,0.01133713463554374,-0.013362981726454634
2020-01-09,0.03258425631014783,-0.01577181772716607,0.02387983050069331,0.02687356066098504
2020-01-10,0.016348694583058175,-0.02391972309039448,0.01737929504204924,0.03593568229996788
2020-01-13,-0.008389487718699042,0.0034556488383448098,0.02773881788298338,0.005594241020214658
2020-01-14,0.011851200871719293,-0.02292850349233113,-0.0118808802890142,0.05421355283693417
2020-01-15,-0.008268353856249244,0.010113704773395165,0.03443485164085815,-0.03745911899467268
2020-01-16,-0.008314595071405136,0.0004928567165258914,0.006439990117309991,-0.0042780810747901354
2020-01-17,0.005839245431320682,-0.005168441405992292,0.05338152181563164,-0.022588781221098177
2020-01-20,-0.03726560489315596,-0.025226909861247933,-0.015729695452239196,-0.0628287815975571
2020-01-21,-0.03349835665026066,-0.015303139917049983,0.044899095079131236,-0.0003938240044944739
2020-01-22,-0.010245750584819455,0.02466173677477268,0.006447769586566196,-0.0017611627934149237
2020-01-23,-0.019256622406688476,0.01702751562873142,-0.014785450090361208,0.05547074101347459
2020-01-24,0.007284946651905478,-0.027326657343956527,-0.01059714585135804,0.024578408959417215
2020-01-27,-0.01716048151042422,0.004979969162876776,-0.006508682704858005,-0.033346538851522174
2020-01-28,-0.02724607402670583,0.024541613701153674,0.01210414866004791,0.0673932398216966
2020-01-29,0.030312975378431084,-0.04808215843364115,0.01457088720088749,0.045236179343387355
2020-01-30,-0.0035155260097307134,0.018300805771398053,-0.012842500098464476,0.022873419621401554
2020-01-31,0.002350564093758477,-0.017878712768375403,0.000891135193475429,-0.005426943459744118
2020-02-03,-0.027494963724269135,0.01911796005779478,0.0550567589652966,-0.0310803732853218
2020-02-04,-0.009887654490503654,-0.020897774696275503,0.04468857925251779,-0.010527237162486856
2020-02-05,0.003218451794197322,-0.052146463019935564,0.012408091741850803,0.040606201689646515
2020-02-06,-0.022019871548446056,-0.04682627313649488,0.0024500869542050073,0.06846052070771133
2020-02-07,0.008513960366913438,0.0034425483998414596,0.004500783167956533,0.056513523489526624
2020-02-10,-0.011012773798376101,0.009791675051644456,0.016837949318260416,-0.014609729762519596
2020-02-11,-0.004833874995865536,-0.025129498753132258,-0.02406981412996014,-0.036686610165115395
2020-02-12,-0.011034132244587939,0.021157773763321217,-0.0049344134355836285,0.007431018641892138
2020-02-13,0.03804556369017876,-0.04784560186806879,-0.040214601846939736,-0.05939537779469981
2020-02-14,0.0007300555052413216,1.7606040580502805e-05,0.011480578065131981,0.013810869996467353
2020-02-17,-0.020154218579118005,-0.034330485992873694,0.017679898492568527,-0.002666090520453404
2020-02-18,0.01745089824206378,-0.017555083234064774,-0.010579661557484351,-0.013811277565388481
2020-02-19,-0.023416872999420444,0.0034219601394924206,0.04084966908225082,-0.053314607354337844
2020-02-20,0.0051772719000951085,-0.023812400958518574,-0.02914414157505853,0.02047600372994008
2020-02-21,-0.03819340247759551,-0.00953666632689476,-0.035109372005245505,-0.016144529388166903
2020-02-24,-0.02556372097796861,0.032188784276433215,0.007111295463999301,-0.03844708924986008
2020-02-25,0.004937224717382471,-0.015306756085694461,0.027677457565303865,-0.09802917746485773
2020-02-26,0.015769331599908207,0.027070763361954256,0.04359819228644672,0.001536978323227731
2020-02-27,0.0044273656237994105,-0.03189120563972854,-0.009972106571723502,0.06452880588344105
2020-02-28,-0.0013129656477648107,0.01789412533745848,0.028467020835782394,0.06064407250917546
2020-03-02,-0.0050220739117857755,0.04524705861973701,0.0005372882624823198,-0.013498368980519515
2020-03-03,-0.02857043980734855,-0.07214933500381868,-0.002815682498520491,-0.018577422112662324
2020-03-04,-0.013396884167894172,-0.0219068576641143,0.023591498437166812,0.01890709896262583
2020-03-05,-0.00821277541919575,0.0193121638154162,0.017808071960335493,-0.0324434903715902
2020-03-06,0.022142444524378316,-0.00409136158128978,-0.03790980392460624,0.01306271649368131
2020-03-09,0.007872365791369228,0.013134376201139265,0.0384135087431474,0.02931280974346416
2020-03-10,-0.03426080310725468,-0.016119555601474614,0.03600228385368629,0.04544266283595077
2020-03-11,0.0074816793878959,0.004597693624186997,-0.014139067537738236,-0.0010053926767983478
2020-03-12,-0.006701645608326331,-0.0026703170617623844,0.011395088335935227,-0.004628581256193805
2020-03-13,-0.012538440006119176,0.03703346184979422,0.01385075465706847,-0.028229390536479642
2020-03-16,0.013233525776817356,0.009632625299036393,0.008016844145597678,-0.026440812391395105
2020-03-17,0.02161999044991902,0.012128079862256065,-0.012257628846135503,-0.005426761216553437
2020-03-18,0.019625602382323973,-0.01035630898367402,-0.015290584198451291,0.015357792738566235
2020-03-19,-0.01578435046445277,-0.012628186722174806,0.000861148225213868,0.03447546191816374
2020-03-20,-0.005184247517024292,-0.010976745634588626,0.03081822548148412,-0.025611263273812072
2020-03-23,0.007625268628071279,0.013833564271348905,0.015090003864860809,0.05474409991358327
2020-03-24,0.020510902542447185,-0.010629534424607888,-0.00776535830215265,-0.006989326036489907
2020-03-25,-0.0085834847569058,0.010693245706892387,0.02079246776620862,0.0017521446978047345
2020-03-26,-0.0027131795332763424,0.06426202395936316,-0.06971356551575189,-0.023652408770173824
2020-03-27,-0.021126699480120564,0.02813374110295077,0.03021914250930259,-0.08234840910955296
2020-03-30,-0.022924132481613416,-0.007780705965035233,-0.04199284446945249,0.03344158887263674
2020-03-31,0.017250516447883963,0.038036417664918346,-0.007561023535078305,0.028289536398235168
2020-04-01,0.02812480057141646,-0.010242261190646541,-0.026491747365653597,-0.00734646449913747
2020-04-02,-0.00044020243160667705,-0.05914373605533561,-0.030867036893022642,0.004844675102870517
2020-04-03,0.021070657957840484,-0.02824258932752212,0.030520669684462987,0.02055787261964348
2020-04-06,0.008232720500952683,-0.05412375763077567,-0.010192530032797286,-0.052189104991028995
2020-04-07,-0.011902395092102485,-0.00854540452123926,0.010162597043267895,-0.01601684370712032
2020-04-08,0.008227912110168278,0.002552551375686551,0.00032698552802039814,0.03029926378676395
2020-04-09,0.031760731329319385,0.05229311936825848,0.013426020680578037,-0.04140012981092373
2020-04-10,0.0002834792178009692,0.011807821212924879,0.003420547276506384,0.012774527625832026
2020-04-13,0.032292873116280124,-0.004573015864265927,-0.03057480560471424,-0.04498036316181918
2020-04-14,-0.05139490208179489,0.026882167435504672,0.026406670486178504,0.01882504938517342
2020-04-15,0.01743805008750448,-0.06433405927023655,-0.010843914579032813,0.0012525481195880751
2020-04-16,0.0027409413647634245,0.009068436743256978,-0.03741454746649378,-0.054029613556692835
2020-04-17,-0.00498014700931735,0.025125955816609,-0.009202879024147815,0.043265877406001005
2020-04-20,0.002835215530710046,-0.04235758737339524,0.039018994765857774,-0.023210705187931727
2020-04-21,-0.03875137829201786,0.036312621296207874,0.022755543552837324,-0.025858835295503337
2020-04-22,-0.003393437756750239,0.012154892224832424,-0.007216303360196481,0.009519921903083001
2020-04-23,0.008142251430234927,-0.010458637417024038,-0.007231442607960721,0.04270230723000504
2020-04-24,0.030557880894830323,0.020983455983188543,-0.0065408762804345655,-0.033053763664243896
2020-04-27,-0.009365404365472948,0.07012078573413187,0.053418699589021026,0.0046587947446790085
2020-04-28,-0.015169872057863753,0.007455987651754855,0.011048386305788834,0.017508577511570055
2020-04-29,-0.00903514087169073,0.009446617589010081,0.012251041179776741,0.026758696254210044
2020-04-30,0.019308042354041485,-0.011780826986207324,0.02725708635079606,0.008675454434702882
2020-05-01,0.007575022193193689,-0.023495331083943756,0.007469728975662839,-0.010345974367916282
2020-05-04,-0.009595204075340775,0.026910074496327367,-0.004976053645517578,-0.026465657722705194
2020-05-05,0.011265348662267121,-0.023682514777266017,-0.0034087462271244567,0.005515035906623117
2020-05-06,0.0029415509869608076,0.004146987116581774,-0.0002900314853515988,-0.035024865419496246
2020-05-07,0.020372899810657787,-0.0123297234029535,0.0005694440872539602,-0.09974726692231127
2020-05-08,-0.013041061877547049,0.016369394772391757,0.0196907385909245,0.017779593145518375
2020-05-11,-0.005553242931955364,0.012009863158608448,0.002798647145182486,0.03413771943801684
2020-05-12,-0.006842163062643152,0.03312619832773697,0.019816001930389484,-0.08020263524396434
2020-05-13,-0.02827029896264237,-0.013300491965642411,-0.0005179145027145579,-0.03284057466484781
2020-05-14,0.0069224055412915216,-0.006096248058801138,0.003465879757902265,0.024170399135181923
2020-05-15,0.006221105443597786,-0.02736291147346922,-0.04845501711330269,0.07451234143990947
2020-05-18,0.0011022691328492179,-0.011328797802283347,0.02440819186756204,0.0032277797686392764
2020-05-19,-0.003691742667502939,0.013319014791345566,0.010162211897449817,-0.02298010294301971
2020-05-20,-0.027307414841008286,0.024709658499360555,0.026450252746491307,-0.0039013754386694063
2020-05-21,-0.00741290645530718,-0.025664959725328763,-0.07090638445484224,0.05062067467018647
2020-05-22,-0.00585429033053539,0.028088177603169805,0.053709367619518195,-0.02010874626935874
2020-05-25,-0.015045545384432379,0.042669135764148526,-0.001989740703879344,-0.025471720232758878
2020-05-26,-0.002225714233320183,0.014403047096711025,0.029204570418437915,-0.014396023276371137
2020-05-27,0.009081017136290767,0.058303874376741976,-0.024497648178138272,-0.030866501289054934
2020-05-28,0.0387237180242106,-0.021213675973107186,0.016819347626564243,0.006793461059817844
2020-05-29,0.004491556256636779,-0.035339641099342504,-0.024835389079341404,0.05936374604643463
2020-06-01,0.006151007814455287,-0.05136160746712835,-0.01409422401739513,0.01380777455906102
2020-06-02,-0.0004889183153233443,0.04688132934467549,0.04935078384666966,-0.006332372574420066
2020-06-03,-0.03737542430598083,0.021630969690621733,-0.0032670600190836652,-0.007713394412044043
2020-06-04,0.0004697224910156625,0.0003324598726863481,0.0069358218294930715,-0.052211678304383
2020-06-05,0.002204604198820529,0.010399058789594608,0.02325169326721886,0.03340884220015057
2020-06-08,0.050264842249705725,-0.03176467141895129,0.013892047199315116,-0.00022430189544807126
2020-06-09,-0.0028472192956224504,0.07537255938850479,0.00526047262858941,-0.0038167969756718986
2020-06-10,0.007030946846672249,0.005876635459256825,0.010624025061655636,0.11425876487457014
2020-06-11,0.0003057646058951338,0.005281843838146786,0.06158538963095688,0.01295635179279902
2020-06-12,-0.02237356075239064,0.023772998716960758,5.953007416036526e-05,-0.023812686753331456
2020-06-15,0.023856456290300414,0.0164302769521014,0.006527476167874188,-0.012422515867194017
2020-06-16,0.016038660653735482,0.008716520728373941,0.0277663599001903,0.04269559982188643
2020-06-17,0.01682063894086094,-0.02171423366335936,0.0291381483239496,0.006464464368821756
2020-06-18,-0.017187749095894777,0.01614405071407987,0.031175757639009507,-0.04783972924110784
2020-06-19,0.029055886218721984,0.05846073489425101,0.017468255550729617,0.03467301271013213
2020-06-22,-0.027037021255845617,0.04236260138464933,-0.02707512281826209,-0.020885042993864792
2020-06-23,0.012737141876005408,0.04979559879918191,0.042335788307527406,0.0680654221676141
2020-06-24,0.044809112516199574,-0.013336470292935554,-0.0271586348254672,0.0403016823000127
2020-06-25,-0.018810726502613766,-0.027688144607757426,0.009065886630975831,-0.013156266348056294
2020-06-26,-0.010325954592055438,-0.0017736076029894444,-0.01735689625048395,0.04733557266072896
2020-06-29,0.0029930273017528247,0.0036717473686608383,-0.00010345866482481354,0.0048749428684591155
2020-06-30,-0.009069513082323986,0.03482574555412846,0.00971906025758701,0.03234707862927769
2020-07-01,-0.030013268621322652,-0.04877393889144458,0.009533930386256826,0.019465648605306616
2020-07-02,0.0023712594961205467,0.04788650958381841,0.01204801885588212,-0.02712248292468058
2020-07-03,-0.0202460742745221,-0.0027402369573696827,0.04184278172646618,-0.020024244131111174
2020-07-06,0.010471848612703633,-0.010806432098422601,0.012838357537849496,0.03854862861534065
2020-07-07,-0.01738848468467606,-0.028363131257805027,-0.004603915882266217,-0.00921713662372893
2020-07-08,0.03199868810035079,-0.047645700155973074,0.025602179207208933,-0.011627696213469886
2020-07-09,-0.01466506584672474,0.026695117518857434,0.031236762223116016,-0.03092929027722736
2020-07-10,-0.005441230324113512,0.004199539015652117,-0.02919019537842481,0.017325967295771138
2020-07-13,0.017270344347393395,-0.03669882699223161,0.01643500174624645,0.07468837217351008
2020-07-14,-0.023617286328679103,-0.03685236316190848,0.01902931855777246,-0.03486365199889955
2020-07-15,0.005549198692082588,-0.008073540978703846,-0.005939087583999799,0.0033476809835465324
2020-07-16,0.027142855085648565,0.05207064575868179,0.03589267033279049,0.051927719439540033
2020-07-17,-0.03114966469122455,-0.005787740540908143,-0.0022513896758131684,-0.0002874486936000303
2020-07-20,0.004692677170646084,-0.04309428859354318,0.004639411336788557,0.018333012868740686
2020-07-21,0.006197655884968471,-0.005372291922578329,-0.0028267956070967405,-0.03468377348514079
2020-07-22,0.016636457435546207,-0.006181707092430114,0.0018894761895366884,0.017490748402267702
2020-07-23,-0.023739014217561638,-0.07890659928824714,-0.025906877172380046,-0.004050049275159208
2020-07-24,-0.025409132261685525,0.00037115400446563387,-0.03450127206485736,0.03700054984879521
2020-07-27,0.011438831312337954,-0.004928035906260338,0.04136262658062431,0.0440585118047663
2020-07-28,0.006939693464663721,0.02288619094440255,-0.019674033707958196,0.09313472747065149
2020-07-29,0.006009857006917531,0.057468682848360354,-0.02328480873640768,0.02278716106247515
2020-07-30,0.007928964189939514,0.03579695088643272,-0.05233475284009287,0.013902871080375828
2020-07-31,-0.012600494431569815,-0.006066660716644917,-0.014474043692237556,0.009303450555206762
2020-08-03,0.005645073943220071,-0.031195777262250105,-0.03157724483518746,-0.009860820248374093
2020-08-04,0.0068614494659736255,0.07920079409749581,0.04255037900340923,0.014346934521159191
2020-08-05,-0.013287028360527357,0.0037765530204346477,0.026745427233565856,-0.007839049354866031
2020-08-06,0.038315490222895134,0.002417878757388386,-0.015703758629443093,0.0083961341694365
2020-08-07,0.010476658418235751,0.0012762473866999018,0.05781089513360772,0.0486159137462786
2020-08-10,-0.022826069944052972,0.007942542823035647,0.026044137174789858,-0.03272898978478744
2020-08-11,0.014131072172676593,-0.002330812357718274,-0.006620784587715561,0.042395749639516596
2020-08-12,-0.01849363340454643,-0.015209860206407086,-0.06098514287183933,0.048599027356895294
2020-08-13,0.016741692074849043,-0.014405768237211765,0.058773564314768545,-0.001632398444687756
2020-08-14,0.024171911580148083,0.0010174018935200486,-0.0332393116690899,-0.07176492146530082
2020-08-17,-0.015413646367034208,-0.014302743134012948,-0.0396349686739223,-0.01877376954830514
2020-08-18,0.020267522584886438,-0.01938537348031493,0.02706426080024101,0.04789480912963883
2020-08-19,0.009255618538729967,0.005192906830756905,0.06249381015848182,0.0016996178195391259
2020-08-20,0.0174412031998898,-0.005649316522625658,0.03610682046276296,-0.032475578130321876
2020-08-21,0.03893585965307895,0.047119789657480655,0.015597728001308991,-0.015167122242987613
2020-08-24,-0.00390776232005741,-0.07752909425179036,0.01636885854163215,0.031921700927659356
2020-08-25,-0.01407472328714979,0.03474520555767385,0.022835388969507694,0.021635674887048276
2020-08-26,-0.016790288592510465,0.03938255577492887,0.020473214744669132,-0.005862623470939302
2020-08-27,-0.015316205699308767,-0.06020170697224448,0.008529785599234395,-0.010338854413514065
2020-08-28,-0.000542034188282084,-0.008280627822410463,0.004105027598796902,-0.011211535216533767
2020-08-31,0.007823039496332878,-0.009143225979873743,-6.482819748806047e-05,-0.029784356457447595
2020-09-01,0.006533815986600381,-0.040225350841534634,-0.017349114721666906,0.05903814913143047
2020-09-02,0.017543664980720478,-0.02133450062772626,-0.005516876921669352,-0.008781216422396897
2020-09-03,0.0012600378375581403,-0.03131727536397486,-0.040823920354884635,0.04510054822889238
2020-09-04,0.03007068154314634,0.05456811330270868,-0.0009584906698687475,0.0557460618172858
2020-09-07,-0.004293136664759121,0.030070351794423834,-0.023214777678772936,0.03744088143517862
2020-09-08,0.05540338333179238,0.040146652849824764,-0.026089732930394273,-0.012606710945131695
2020-09-09,0.013513346955300126,0.023650161921297055,0.005997353778836962,0.01663055316178133
2020-09-10,-0.01614315112832565,-0.03187155313651687,0.036300057158614986,0.001653153776317934
2020-09-11,-0.020417849961222246,-0.01373560798839321,0.024457915150057827,-0.02912956512555449
2020-09-14,0.010649448304863706,0.01668123683683754,-0.03776251509057943,0.013852574860256107
2020-09-15,-0.0034692557065170177,-0.034663834266758356,-0.023240703414258438,-0.038766392690593086
2020-09-16,0.01528000988184184,0.023389952905171645,0.0250192796997054,0.04406877859615474
2020-09-17,0.010464752491470896,-0.005209761944744051,-0.02306218483845774,-0.01376160540544376
2020-09-18,-0.00045657825313745546,-0.009244624226487926,-0.004115828749925615,0.009540587955549375
2020-09-21,-0.015935874361368098,0.023328799046104742,0.015251302475613798,0.012415075504114977
2020-09-22,-0.02929694449371729,0.015327899344581192,-0.022708611371590883,-0.006561674079642707
2020-09-23,-0.007930299041340422,-0.008828984974572397,0.0041343876536489976,0.023034283051634616
2020-09-24,0.018127975886469447,0.03677989410092744,-0.03185063737295511,-0.014121627981788355
2020-09-25,0.005281874882604079,-0.03043189982799692,-0.013534191098780343,0.03299540541100355
2020-09-28,-0.02391477557423976,0.020478068208327913,0.009494548353563424,-0.044609288808636204
2020-09-29,0.00446361851702364,0.019793037739051514,-0.03832484333829173,0.0069232852841244145
2020-09-30,0.008706347594576735,-0.007286393179419709,0.012511868449009976,0.07036251496703998
2020-10-01,-0.01667714872402266,0.011783990667263539,0.0010090550268329695,-0.03251159636119512
2020-10-02,0.004074502118910558,-0.035533407291559085,0.015312248860428694,-0.021221073968369805
2020-10-05,0.002164174368919998,0.029720810576207027,0.007097853351616536,0.020486774738062024
2020-10-06,-0.02185940595661246,-0.00354706409328967,0.03560351074934611,0.00878536236788593
2020-10-07,0.008155747206965665,-0.013681690615571186,0.004630612566197682,0.014772053474574574
2020-10-08,0.012215690527364688,0.03347027677510668,-0.009235138528131326,0.019621549555168222
2020-10-09,0.022661024863505543,-0.019130310716282774,0.004557437575807094,0.024715251399661946
2020-10-12,0.02207604104069806,-0.040253838890906786,0.015082450725909698,0.04133949446846782
2020-10-13,-0.02655338735914182,-0.04469887520571711,0.0027215017581426085,0.01684365299249794
2020-10-14,-0.017756500798302457,0.020180298540369186,0.0025147922800970593,-0.0059440179116489866
2020-10-15,0.011300705344173195,-0.03641288057488849,-0.016049792195168885,0.026040079542095595
2020-10-16,0.011275719018244177,0.05464382545953094,-0.015072522938773704,0.06899586772133255
2020-10-19,0.011300953726120957,-0.060457882236511655,-0.03356513179499234,-0.0021421811233900746
2020-10-20,0.07805462981309443,0.05289369104870115,0.045239418579673486,-0.031608525663472456
2020-10-21,0.012417810213863342,0.008330524016078552,-0.029596580884782127,0.04124782342504405
2020-10-22,0.02371131280361198,-0.0009013933561117715,-0.015822629944897682,-0.0017133407383759388
2020-10-23,0.020080035269864047,-0.01434757260426849,-0.016460181639229934,-0.07354343411049127
2020-10-26,0.01402782502611596,0.013974083430562126,0.023873109423611035,0.03215975870026476
2020-10-27,-0.005305384892806912,0.0008709589272545492,-0.005873741957300695,-0.0162364865083873
2020-10-28,0.016179384409865348,0.035099056460495645,0.032693551816843344,-0.0006686648806456274
2020-10-29,-0.014456504290751435,0.005426829459861189,-0.015337265606096715,0.014119311569915511
2020-10-30,-0.003736372134800178,0.006509052843856328,0.00847485405559505,0.009167488792267324
2020-11-02,-0.00870727095658207,-0.008908366366415675,-0.019383676331493932,0.027330813599866385
2020-11-03,0.002637482787726451,0.0002916312883679765,0.05512872819433471,-0.012742022969944517
2020-11-04,0.04729317133347018,0.011234053066761776,-0.02818996047573782,0.020458702936162896
2020-11-05,-0.03634530385183496,-0.049305051779698766,0.009245517755675689,-0.006584133715437103
2020-11-06,0.014725203807490268,-0.03844556266317139,0.017344422023302466,0.028358366831062607
2020-11-09,-0.03125431742379303,0.024297922820681446,0.011844977436287455,0.02403786194045687
2020-11-10,-0.008438637315788668,0.0071259631438382555,-0.003132191471942707,-0.03024035457156084
2020-11-11,0.022779011939347324,-0.003519500090580374,-0.0017455174933356543,0.04050937406612613
2020-11-12,0.0022856003819092556,0.0025530179919617947,0.0025952867994777397,-0.016258720578991685
2020-11-13,-0.020554895558586122,0.012427451160850131,-0.0021750500407122157,0.03078202293984008
2020-11-16,-0.013306074185199364,-0.014192790409280844,0.025596977919872744,0.015355055969046924
2020-11-17,0.014591954978693516,-0.021349141762069382,0.056763075039783784,0.0668364286878293
2020-11-18,-0.013607332634342734,0.007875357652930445,-0.012437294625195841,-0.0053213093830148245
2020-11-19,0.005329171791639498,-0.027351183328450962,-0.032745074489476944,-0.009726087864136913
2020-11-20,0.0019114367980762757,0.014247582671434155,-0.0007070512087813704,0.0018203137939293585
2020-11-23,-0.012032006952116342,-0.04907750812713521,0.06599273344135796,-0.008111292399199641
2020-11-24,0.043878881786506514,0.03287466911976931,-0.01859186419924327,0.030497966567971754
2020-11-25,0.013678380446360223,0.01617792447239129,0.04247792013610169,-0.05407087129528058
2020-11-26,-0.03950285173315214,0.00968089202941627,0.04344252035191102,-0.034378884670122394
2020-11-27,0.0047290862953885526,0.03148072951836542,-0.012339706042699865,-0.03487310225527176
2020-11-30,-0.012235729295367759,0.0519642333338773,0.015724576979631887,0.035760765719075154
2020-12-01,0.01804866669592448,0.03243110195054391,0.04220991557821346,0.06237146804036739
2020-12-02,-0.014850414768654011,-0.053226226939949356,-0.007978193524687179,-0.0011557226488115024
2020-12-03,-0.0012947288293379804,-0.036387309002071044,-0.003589509002559045,-0.003408760311650372
2020-12-04,0.011099745579609143,-0.016744557330870366,-0.013042022848716094,0.004951825708961349
2020-12-07,0.01831510388340243,0.0027827315063250137,-0.02386891826732167,0.04316574059128667
2020-12-08,-0.023005928141115524,0.01752977061407369,-0.014731938626650178,-0.029957359696670096
2020-12-09,-0.005690024716818968,-0.019772314394603967,-0.029098506669056414,0.01084291439571748
2020-12-10,-0.008498906223219124,0.00760300293431235,0.002352086706480652,0.03663191704238505
2020-12-11,-0.012066584651474237,-0.020661487970599676,-0.017749330776466045,0.020038295947894583
2020-12-14,0.03630908480562194,-0.016345534089758446,0.007344647794768693,0.00913535658095602
2020-12-15,0.00909963421921911,-0.04019983290544667,-0.037397391155090685,0.03753661323984995
2020-12-16,-0.024217679086700902,-0.025696997383327126,0.009772005805361427,-0.09211313025497331
2020-12-17,0.019357238941095523,-0.03855053816849001,0.02233822404022312,0.026225636183581768
2020-12-18,0.04344312394025267,-0.027276197589319984,-0.04834339106428639,-0.020392648909459837
2020-12-21,0.02164930521102294,0.033609253898235186,0.010851414246189304,-0.061572151389976
2020-12-22,-0.029387399319080267,-0.026481966664958292,0.03219172481183231,0.020392090983374325
2020-12-23,-0.008684681457325028,0.08097146194512173,-0.028741025467280135,0.05057804908070353
2020-12-24,0.026338222983732455,0.016799537026426677,0.04331430967094259,-0.002310698011969216
2020-12-25,-0.013153389312375616,0.007545083710846217,0.01197547523415113,0.035850609152102864
2020-12-28,0.009876388562924568,-0.023750733405436403,-0.01612529639396022,0.0589297390296026
2020-12-29,0.016492681068586736,0.023009296382269742,0.0001057730585573497,0.048522005875441664
2020-12-30,-0.017538609431561658,-0.015269134787133218,0.015458172813043061,0.05989875852799876
2020-12-31,-0.00019050712123600162,0.005660294439360843,0.0034001347853102877,0.02847446218751623
2021-01-01,-0.06382534680138145,0.07880253614806385,0.014968899811159229,0.005140177361555748
2021-01-04,-0.019487752826685797,-0.0008817969917394959,-0.021516839826984158,-0.0535688034164009
2021-01-05,-0.004051363027863206,0.036478199788570274,0.005734020600901951,-0.0061121870845482
2021-01-06,-0.02395566363929699,-0.019095292753776624,-0.033842862422624506,-0.027013630836066716
2021-01-07,0.03364822607863271,0.000950345285091149,-0.001280651533717508,0.07848299511242349
2021-01-08,-0.027602827559212652,0.0551240190690653,-0.021097691036619744,-0.0036560034351317823
2021-01-11,-0.007800889733939676,-0.01680901173363302,-0.016888248564744163,0.006812168237456999
2021-01-12,0.003614811545721827,0.05637345673990786,0.032402329380260934,0.021801988161416364
2021-01-13,0.02982546578132231,0.023232558063664262,0.028782753014856728,0.00402608562303588
2021-01-14,-0.027717243023588786,-0.014874003276828028,0.016728453022679425,0.061826786415076364
2021-01-15,0.02426327504309919,0.020972232171665627,-0.025807819116814474,-0.019292727660705822
2021-01-18,0.001204661220391741,0.031176633488801897,-0.006410211242370048,0.009311260933303495
2021-01-19,-0.01863017302095902,0.020654298866515895,0.03182744249947959,-0.023486470499431693
2021-01-20,0.010242069485265414,-0.04510674159671369,0.005042922840997619,-0.043700787892724705
2021-01-21,0.004981193911469401,-0.01981411527474606,0.05948323849954236,-0.018911918181684993
2021-01-22,-0.011004337543175893,-0.005425559066545142,0.011332945984859297,0.0012037121033055792
2021-01-25,0.002396041699800378,-0.00023300287300138858,0.00630122791225079,-0.0125255778581041
2021-01-26,-0.006706271937235204,0.020620162926520337,-0.006227911605062536,-0.02173473429558496
2021-01-27,0.0032703469050249607,0.007331030027997615,0.004838522619557058,-0.04672111122851419
2021-01-28,0.014242613490420934,-0.03806033076130304,-0.0023117459095135977,-0.00040869504200431684
2021-01-29,0.032720336322907044,0.013405935530178896,0.019202716917214764,-0.050165213091085084
2021-02-01,-0.02375630997653698,0.020317572358514696,0.025417557919864605,0.029101958729136092
2021-02-02,0.04366066749312533,0.018793713437931195,-0.018149736512698737,0.0053853913527076155
2021-02-03,-0.03804175599045004,0.03442342176663865,-0.03178082383894445,-0.04851430248127257
2021-02-04,-0.0020357019007116667,0.02701766463646712,-0.04440513432758242,-0.008322317696745221
2021-02-05,0.01276634412969153,0.015775402376853098,0.014199783172813592,-0.023825474195670413
2021-02-08,0.006619837354700653,-0.00010497134375941084,-0.02608416515434684,0.013671107864671317
2021-02-09,-0.011453990396411876,-0.04782882800547974,-0.052322264823812074,0.04941576561081007
2021-02-10,-0.0031624450071455045,0.014888546573977575,0.011214465113274103,-0.06313103643760107
2021-02-11,-0.008860018693176656,0.008230630614893333,0.06382498793581977,0.006525912770159601
2021-02-12,-0.01078729513888423,0.010147365115861203,0.001348227211502667,-0.003104647844832414
2021-02-15,0.017992041940420495,-0.03630245727460928,0.02246226936129105,0.0259969026757663
2021-02-16,0.008140309719300947,-0.030431696212247866,0.0035457339636891256,0.009961881988319122
2021-02-17,-0.012858191905213083,0.033594585599987105,-0.0009722413297785669,-0.02381892661085867
2021-02-18,0.018991997508665016,0.0008133453843003487,0.024476912074694216,-0.008666887748331636
2021-02-19,0.007145990417532186,0.022445020921178734,-0.005756863604716283,-0.02536090498812212
2021-02-22,0.017257242376779204,0.0028495512839138352,0.008184807851797574,0.040160249850950944
2021-02-23,0.013592576838472245,0.0028926841848723557,0.009542445154900341,0.003245907703517978
2021-02-24,-0.015579900218441446,0.030148514179279932,-0.01520226134107622,0.06904167400135527
2021-02-25,-0.01020362080393939,-0.013481341846521217,0.026301058738413072,0.0003768715164882727
2021-02-26,0.015945872102465238,0.004883623308229501,-0.002873993917385216,-0.0222942368418662
2021-03-01,0.013207405308669297,-0.011868258661151274,-0.01739362898732112,-0.05048000374144895
2021-03-02,0.0005819681207170374,-0.011034886822969468,0.014912746089260088,-0.060609888668958084
2021-03-03,0.00334654766617564,-0.00727516370405918,-0.020961699544775933,-0.05294475800519215
2021-03-04,0.0265532979157685,0.008664013149011385,0.0022045289342282064,0.01184943278540192
2021-03-05,-0.010831427776716598,-0.01236245864990432,0.0012720250838949114,0.020305375813047685
2021-03-08,0.01194194762340076,0.039672683767205626,0.028647389145789456,-0.052841674571124674
2021-03-09,-0.003043853048677881,-0.024838219066585114,0.01336745582199882,0.033826340992664045
2021-03-10,-0.0033536240645444058,-0.003606149324840771,0.000874326031371402,-0.014407136808920385
2021-03-11,0.022975537039743803,-0.011191931748225246,0.02194415748000718,0.007637755419494229
2021-03-12,0.017508326979760597,0.045409336530611986,0.03625518872543284,0.058927721988939856
2021-03-15,0.017270192720012772,0.007896643295347238,0.015445257658796556,0.03388937605529362
2021-03-16,0.027109576143086584,0.03295533618405905,0.0017588154960845152,-0.006898572676704131
2021-03-17,0.001420076832655181,-0.04256681119110915,-0.031295905808753986,-0.028691727889535064
2021-03-18,0.014639059425899277,0.010011507976077765,-0.025127841576884316,-0.07281353904652568
2021-03-19,-0.005205335131869121,0.028688923868703108,-0.006130617608866691,-0.022670366173484707
2021-03-22,0.007483327049768842,0.004468519678262726,-0.01373780505398208,-0.004889558358969306
2021-03-23,-0.0016028610873536917,0.033964411251960536,-0.0031742825746361504,-0.03205128345029144
2021-03-24,0.0029399192998543636,-0.013518653503011164,0.0029162481224276793,-0.0020939938482306656
2021-03-25,0.012903140508738274,0.044280423205567396,0.01474231885891827,0.005189815903556888
2021-03-26,-0.015364413664669448,0.0709669437085775,-0.00026246945147728046,-0.00536995936328275
2021-03-29,0.04284774551370921,-0.00888515681318977,0.013662541095655048,-0.020250090328821094
2021-03-30,-0.01912034762999404,-0.011365075642023154,0.0031118603702530064,0.008402913518835469
2021-03-31,-0.023283772255754644,0.04560153431353103,-0.047886664158846785,0.017967922734929316
2021-04-01,0.024162217470001357,0.04938716437192137,-0.021983384845468856,-0.035663967710499615
2021-04-02,0.016833253879258717,-0.013685800814598048,-0.002102188893040387,0.05188263329111946
2021-04-05,0.013482396341043104,-0.010605604512875717,-0.028742368571027688,-0.000950584629949161
2021-04-06,0.013566910185285597,-0.006453538265815215,0.016498218249905112,0.0031597368030696683
2021-04-07,0.0007550645430617075,-0.03833351533102831,0.03976877080859244,0.027287504813979502
2021-04-08,-0.01694508742971663,-0.025559558394525943,0.03196904629243292,0.01066256459422256
2021-04-09,0.0025160911638745266,-0.028124223002562038,-0.0038360717732552007,0.03585978218696358
2021-04-12,-0.012543234230242235,-0.021033926953123852,0.038768153421248806,0.01254934578206385
2021-04-13,0.020502394668355024,0.0009594533783965646,0.005216686430052788,-0.01893530811241533
2021-04-14,-0.001941147630042773,0.009026441976095622,-0.006927149277950984,0.015152623382213558
2021-04-15,-0.015509943935850229,0.04851501478442231,-0.013835066588523496,-0.037530417256223164
2021-04-16,-0.005427716833059869,-0.027950621222163727,-0.006061742162203209,0.00629958970217831
2021-04-19,0.009258629085512487,0.03152967195429751,-0.00820442046353072,0.001336950327443872
2021-04-20,-0.010274491056079495,-0.004419665326765268,0.0057604055593871925,-0.00478409000453889
2021-04-21,-0.015444407911328627,0.0005160887104270115,0.005514349526246616,-0.0019988129003625766
2021-04-22,0.005873744229838246,0.02224458476499811,0.0015761505038353618,-0.06336471659241737
2021-04-23,0.005899331422174456,-0.031681660646868955,0.012423454243658746,-0.016705371770933654
2021-04-26,-0.009138863507422594,0.013472292385521518,0.031266156869658536,0.005749571539939016
2021-04-27,-0.008420766112366456,0.006993566246391683,0.025238853386033096,0.008094973719909013
2021-04-28,0.005640998747152726,0.016773537920244472,-0.03562244921124759,-0.03346862993240854
2021-04-29,-0.027961686829946483,0.010675059317234543,-0.06234802837254887,0.04679977443026453
2021-04-30,-0.027149275487531103,0.07565900419732682,0.024857997780981845,-0.027816119687507534
2021-05-03,-0.01336888442504872,-0.017132199527539478,-0.032671967460385525,0.03643100201843579
2021-05-04,-0.0032689430342369447,-0.01392990865005453,-0.004119135047317089,0.01745180266550897
2021-05-05,0.007218151311960092,-0.016694215792742932,-0.027752825651483987,-0.02011795584453311
2021-05-06,0.03050712433899104,-0.014664313574807639,-0.04354951093950049,0.06463588124133293
2021-05-07,0.018153192464040388,-0.01712161381919553,0.015036568205119701,-0.03927728911147681
2021-05-10,-0.0021987705992685424,0.03767049593322656,0.020478879007566175,0.03467039607635006
2021-05-11,0.0006196758419462233,0.044615127439695645,-0.012912760018167987,0.037520381131504243
2021-05-12,-0.019050587292756178,-0.015122388812484287,-0.06327605730362275,-0.020971707317682574
2021-05-13,0.0006297372801522014,-0.022970667193126862,-0.01215611120631207,0.05123628550225152
2021-05-14,-0.004773172778402767,0.01614246669159212,0.011295100135063662,-0.006251628010963347
2021-05-17,0.0074543712067617895,-0.014566691328429136,-0.03547278921935322,0.012604277024794998
2021-05-18,-0.01554461887104646,0.020987954532665325,0.006083997994478891,0.011611264356992727
2021-05-19,0.011386930284823446,0.00808769062553899,0.001117253770675111,-0.002200805951469174
2021-05-20,0.03165477826005155,-0.04347232344991696,0.01598228749002721,0.030878289560592374
2021-05-21,-0.0011752029691371518,0.04842515603990185,0.004489509210353832,0.030272105219327456
2021-05-24,0.00903423444197883,0.05587633019286565,-0.022826723522038888,-0.05869861906333633
2021-05-25,0.014802879834222252,-0.016383660714531588,0.03141428754161228,0.04815190850073534
2021-05-26,-0.007024409437716725,-0.009631046798079523,-0.002463239325674251,-0.05568721958124861
2021-05-27,0.005481849636208336,0.010575961721747148,0.0008173865122517035,0.03863911715195801
2021-05-28,0.0012518480156358972,0.01203370369961075,-0.021831698976829902,0.04193467978896542
2021-05-31,0.0029535219709766343,0.021756328180184914,-0.00958205627978776,-0.03568382505753194
2021-06-01,-0.014460195677109329,0.06230613616299049,-0.020620067850672524,-0.01187850007841047
2021-06-02,0.0014902034851788544,-0.0033084168248214817,-0.002823651498085575,-0.03619966339700775
2021-06-03,0.010959965824908994,-0.02194891733615361,0.04429271200355859,-0.0050222360601057375
2021-06-04,0.030022872155900836,-0.03937957684043581,-0.032797528573283906,-0.008281199946500945
2021-06-07,0.02018541652170414,-0.019927901198257568,-0.03883903494691853,0.029788118629426895
2021-06-08,0.04406364915023113,0.0010061908137860873,0.038279258187340216,0.0483608061141863
2021-06-09,-0.01434695125776099,0.05583673590553363,-0.003733091928796653,0.05134893337764847
2021-06-10,0.018446412734413564,-0.013528338971085142,-0.015226818466497915,-0.017175880930240577
2021-06-11,0.004666840114767035,0.008713638549166954,0.027497617184901915,-0.004822765581058474
2021-06-14,0.04479605866435345,0.0015073131178174378,-0.013640388493421604,-0.056420336727733264
2021-06-15,-0.015165965707103029,0.03765179820344252,0.04715024283867341,-0.02570545232736661
2021-06-16,-0.01579443684361552,0.07780797277620864,0.01844814678348173,0.03626980715841102
2021-06-17,-0.010987852908880442,-0.01392606318760962,-0.010697785203642568,0.05904539882418812
2021-06-18,-0.04147791448619614,-0.012683183275546664,0.05543270533163759,-0.040702210515797276
2021-06-21,-0.009515100433615222,0.03332482631207216,-0.013642873075083462,-0.0182362490703513
2021-06-22,-0.014182653231073959,0.02245674468878934,0.020052384300232675,0.001575798506437554
2021-06-23,0.004007875729524152,0.05740121977208101,0.008982314510162298,0.01230564055868624
2021-06-24,0.00783511951554319,0.019517845559778917,0.034043532234969955,-0.02583612319725762
2021-06-25,0.03852341678431773,-0.008778762723611786,0.04053777991817132,0.01734213655624314
2021-06-28,0.020008476763721007,0.019719644920769275,0.002300103726644166,-0.014084377147482065
2021-06-29,-0.010538073113248062,0.03526110741748723,-0.017335446758654588,0.001994170519260231
2021-06-30,-0.01696829342696716,0.02661446543592092,0.012999303573477911,0.021619948680129484
2021-07-01,0.010838383430130116,0.017218220933218932,-0.015442884243802654,0.0027247794433828236
2021-07-02,-0.02540466414041284,0.03400024068767462,0.05183468118816558,-0.012773506168429902
2021-07-05,0.03762917531708708,0.037078867713370184,0.004913383277068436,-0.0013363431374040797
2021-07-06,0.02458880241442574,0.04346476973112581,-0.0076330387828027185,-0.0005927035721867363
2021-07-07,-0.008383513042094098,0.02146129662768928,0.006117007646622711,-0.01045038604587447
2021-07-08,-0.03326269058181755,-0.00301354240950563,-0.03217815723824241,-0.006557862193348583
2021-07-09,0.02807744748330826,0.006401410592999685,-0.022790350962766288,0.0584526509676651
2021-07-12,-0.0012907969050523576,0.038195268995250706,0.031510347698610636,0.022132180677943356
2021-07-13,0.025756326239469236,-0.02250807012961708,-0.014922356974284895,-0.007841811131020613
2021-07-14,-0.03088855317588734,0.013060199266187034,-0.02467277456704849,0.02689340415787575
2021-07-15,-0.010987500459075459,-0.00980016436982082,0.014916318813182155,-0.009183682141460349
2021-07-16,0.0011048739943636634,0.0028623446880445247,0.031142603866574928,0.04355936231553245
2021-07-19,0.001939611875294841,0.04035355587821896,0.019473832766626672,0.015437476726933288
2021-07-20,-0.008001309429584873,0.0077329720405971,0.026401192145145413,-0.0012555750401480113
2021-07-21,0.013456998646949974,0.0033930964446844646,-0.017419877214236518,0.018170092403359716
2021-07-22,-0.020352408587651888,-0.038795684229397574,-0.03404526666854609,-0.05248066532239748
2021-07-23,-0.0018475897004258698,0.02438760698081662,0.03903334129888717,-0.036936861411843186
2021-07-26,0.0034059126342379773,0.021364525434232264,-0.006566995971053395,-0.03928737522396694
2021-07-27,0.011288776681174981,0.0668976416991638,-0.004770825411376184,0.0075030083167297364
2021-07-28,0.015232297561777797,-0.007233347048590024,0.034704853546226454,0.06313802498197822
2021-07-29,-0.021492841836757384,0.00857450982991817,0.015405750235016499,0.08059550511674214
2021-07-30,-0.029682283414712445,0.009481510511322656,0.01289719430204019,0.0248317885504265
2021-08-02,0.026553536437970184,0.04932359839290423,0.055625058622527104,0.020029556623055993
2021-08-03,0.0076462802395918334,-0.0008588659716085626,-0.014587955759503576,-0.06053702069534586
2021-08-04,-0.013969730731131072,0.010370645773110176,0.02469600320203093,-0.016493582990690765
2021-08-05,0.032023039510450456,0.020236895291496172,0.0029253281224271128,-0.025072431316788366
2021-08-06,0.0033134926858571735,0.007598273694690743,0.008214806971581423,-0.019229665938789064
2021-08-09,0.02458594368127653,-0.011393008436515847,0.039711710660313294,-0.0033850336504676368
2021-08-10,0.0023503696282021792,0.007822699786949227,0.014195893907240595,-0.01402317021939946
2021-08-11,0.042214958497639746,0.034208952495793164,0.014957401976240825,-0.06677549336315257
2021-08-12,0.03610681684886409,-0.02879545898233181,0.028312683432745057,0.028676858964113684
2021-08-13,-0.0039792829695814705,0.00598909022440628,-0.0076238182385721335,-0.035046005900893226
2021-08-16,0.02043141901908711,-0.019003624448175195,-0.01948024168347516,0.010873640243890235
2021-08-17,0.01390751899170295,0.03785139886774527,-0.024620229850525838,0.07509289344124909
2021-08-18,0.028372631150646976,-0.04369560714351324,-0.047658914734400044,-0.02967846070552482
2021-08-19,-0.018298469211602088,-0.014767655418147648,0.05290517824850806,-0.08606006329612155
2021-08-20,0.014721029199968788,0.013316356251935625,-0.026080209143042078,-0.007510147765803879
2021-08-23,0.022168489736991755,0.04896572087703021,-0.0040313405896443,0.04103358722494999
2021-08-24,-0.03417478972846229,2.7492167810365918e-05,-0.005420332497223018,0.0710421608977208
2021-08-25,-0.022665170253315502,-0.014655985800795952,0.009185167445227519,-0.04053423580583459
2021-08-26,-0.03978464355520201,0.0584347120832177,0.021893430313482422,0.01988447281327826
2021-08-27,-0.004388136688891155,-0.04144041701248732,0.023011837208993635,-0.013785865987301868
2021-08-30,0.015350845115919248,-0.06396417869860245,-0.013076935964223463,-0.0012081924006447481
2021-08-31,0.031047141041920565,0.015200433501599971,-0.0026780428446602877,0.09505201714559623
2021-09-01,0.0024818956083955037,-0.013061626730578334,0.008564498762207492,-0.05010396149383037
2021-09-02,0.03357231091142584,-0.028636984513921396,-0.004717278154588677,0.011380888152310071
2021-09-03,-0.026602029164297828,0.023250693418980596,0.04168363940049982,0.01886926101179016
2021-09-06,-0.033067648787103096,0.009314021413135965,0.013774373790956284,0.04050252137287715
2021-09-07,-0.0001109539779323755,-0.014922358922101852,0.01987194465124544,0.005929410371481341
2021-09-08,0.008681308978786145,-0.03640913196012683,0.01807203171668532,0.013281768882643583
2021-09-09,0.00034610503811813775,0.02817371984840434,0.030836846437133126,-0.01120769985976269
2021-09-10,-0.04034884200079753,0.021506035338759825,0.006025538967592675,0.011919442943578757
2021-09-13,-0.0007824007902557681,-0.000975275913381487,-0.030920798698896163,-0.009511729642409367
2021-09-14,-0.025089390010097065,0.057399109881429974,0.011492198793816041,0.02425501614496178
2021-09-15,0.014393450976600771,-0.030102542989784577,-0.014783922344795726,-0.01043636176152719
2021-09-16,0.008331964921936965,-0.04376575512774216,-0.011715417043743922,0.015698513786576527
2021-09-17,-0.017797595726547103,-0.01875724209643733,0.016159100468877332,0.0014758015210257576
2021-09-20,-0.00927733834673387,0.000632419509335066,0.032457076785840894,0.04191175877702589
2021-09-21,-0.020184270437779032,0.009300183479680754,0.0020317894184015413,0.0007012196744029815
2021-09-22,-0.0002535819454634375,-0.0052370817356898955,0.009220825314974096,-0.05955613638724085
2021-09-23,0.020102846410024768,0.012561661895428903,0.04405537361588095,0.04666725252498972
2021-09-24,-0.018714520926710873,-0.03554618272571332,0.007518829487214208,-0.029200630530191663
2021-09-27,0.011080930310356889,0.045312938122197784,0.06654207785450987,-0.020381821852708697
2021-09-28,-0.009605152367448817,-0.00046453535177706394,0.015637741140788607,-0.018348145291522226
2021-09-29,-0.014857456645246882,0.03551887494764383,-0.042519068978895444,0.050605333260978616
2021-09-30,-0.0011406071990911564,0.012281760391331123,0.020333540527613315,-0.07224859748925434
2021-10-01,-0.01970484644838748,0.015702596574613516,0.011028959622069444,0.1123211986780998
2021-10-04,-0.01007298610694364,0.019093018406966117,0.03374381885206864,0.03946198831731182
2021-10-05,-0.02295755785177697,0.015431256800519448,0.018329533781748963,0.01031336199452059
2021-10-06,0.040294502658327784,0.021281682796026317,-0.0019613995995943455,0.0005787099784299763
2021-10-07,0.0017052710394345723,0.04187457590397294,-0.029107455907234143,0.012494392620017994
2021-10-08,-0.012994510159851713,0.007895635091044104,-0.003725581432150632,0.020739284993276843
2021-10-11,0.00527959821468444,0.02327011272765537,-0.019763011355232504,0.025082545508251997
2021-10-12,-0.0012465609938165966,-0.0006920708286168014,-0.013013086245118068,0.021946156310120698
2021-10-13,-0.00341939199066446,0.04520351646348418,0.016214460110515243,0.005635323843933709
2021-10-14,0.013283334000868504,-0.01829176906177809,0.04324761260878516,-0.004406844710756414
2021-10-15,0.016150154200946103,0.056028212987324466,0.011366788245574527,-0.0027945649278729103
2021-10-18,-0.00961002295221055,0.0007952614806696979,-0.02839707655087961,-0.004321789812343836
2021-10-19,-0.0105163648128936,-0.04092325306354144,0.012615066705503518,0.04218195339034726
2021-10-20,-0.004501033943032881,0.005843132447323678,0.03141578716614128,0.023274485279830167
2021-10-21,-0.045038423294711694,-0.018431549724246425,-0.013744572607984557,-0.10041360221324981
2021-10-22,-0.029303821243971045,0.027219306469661718,-0.0018504291668229424,0.025456527178541636
2021-10-25,0.028337485348890495,-0.017578719379071725,0.0018672048682299273,0.00931576681515712
2021-10-26,0.033899354270025675,-0.01138550299644339,-0.018122457827056,0.0018451935243935904
2021-10-27,-0.003980720791127566,-0.054686221928365926,0.017707010846096476,-0.011098145858111004
2021-10-28,0.012531139261115327,-0.011569189577472301,-0.0015237037151945394,0.04184394519951048
2021-10-29,0.007225003090870722,-0.07071637979886869,0.011988311097675694,0.03566342617430003
2021-11-01,0.06257761616910475,-0.0455170847045717,-0.020687304445052502,-0.024550718373826323
2021-11-02,0.023391498228691538,0.02481243968432892,-0.009436457508085262,0.01674683004935873
2021-11-03,-0.0015583518296153308,0.025574004759524968,0.019559533945694287,-0.03150798570894501
2021-11-04,-0.018110808812008515,0.014763726853548941,-0.007820828802294176,-0.04578663576761257
2021-11-05,-0.03112892640515145,-0.02700928429387639,0.04467409628083513,-0.019435102860648784
2021-11-08,0.005069272717344462,0.0005686593157406045,-0.00849090464036506,0.03268377153339656
2021-11-09,-0.014127014905686068,0.0018919238272829479,0.007117118143797148,0.03585937658816304
2021-11-10,-0.027445074191953484,-0.03275094067577628,0.02481477079682725,0.020457989703405254
2021-11-11,-0.01193145768485053,0.04710194905301452,-0.033959143323325794,0.0278783525396799
2021-11-12,-0.020630960072287898,0.028320868717270138,-0.0425202202995194,0.020566240049023545
2021-11-15,0.034742832701451294,-0.004628925214889917,-0.03664140786425237,-0.01995185583280333
2021-11-16,0.018632795138989012,0.0028065751698359235,0.03306460258567955,0.017617289063587924
2021-11-17,0.0008405471736676526,0.008251484238426574,-0.01229645364731117,0.03051433338296888
2021-11-18,0.03059888277780052,-0.05925204605272871,0.06545498214170631,0.0289001965434751
2021-11-19,0.002547366152952366,-0.005415321475617908,-0.012606189966434716,0.04411196800161251
2021-11-22,-0.01622568402656527,-0.018459527439933954,0.006113782579925925,0.027290634652037234
2021-11-23,0.03146248154539315,-0.028048600296847463,0.0400527488141969,0.014800687263955403
2021-11-24,0.011778200873693172,-0.0064330087865786464,0.05165232220397808,0.03995525834107497
2021-11-25,-0.01974492308652913,0.05593059580548568,0.05303758941590995,0.0015717559262828978
2021-11-26,-0.002806773561672164,0.021225285838010297,0.031709155764828564,-0.028365612792970125
2021-11-29,-0.016512365067695142,-0.015135369693483903,0.027101563145286563,-0.0032073437380317365
2021-11-30,-0.02665599461928672,0.019177483440684755,0.01631317373002958,-0.023571592568225722
